[
  {"id": "uc-berkeley", "name": "University of California, Berkeley", "state": "CA", "system": "uc"},
  {"id": "ucla", "name": "University of California, Los Angeles", "state": "CA", "system": "uc"},
  {"id": "uc-san-diego", "name": "University of California, San Diego", "state": "CA", "system": "uc"},
  {"id": "uc-davis", "name": "University of California, Davis", "state": "CA", "system": "uc"},
  {"id": "uc-santa-barbara", "name": "University of California, Santa Barbara", "state": "CA", "system": "uc"},
  {"id": "uc-irvine", "name": "University of California, Irvine", "state": "CA", "system": "uc"},
  {"id": "uc-santa-cruz", "name": "University of California, Santa Cruz", "state": "CA", "system": "uc"},
  {"id": "uc-riverside", "name": "University of California, Riverside", "state": "CA", "system": "uc"},
  {"id": "uc-merced", "name": "University of California, Merced", "state": "CA", "system": "uc"},
  {"id": "uc-san-francisco", "name": "University of California, San Francisco", "state": "CA", "system": "uc"},

  {"id": "san-jose-state-university", "name": "San Jose State University", "state": "CA", "system": "csu"},
  {"id": "san-diego-state-university", "name": "San Diego State University", "state": "CA", "system": "csu"},
  {"id": "san-francisco-state-university", "name": "San Francisco State University", "state": "CA", "system": "csu"},
  {"id": "csu-long-beach", "name": "California State University, Long Beach", "state": "CA", "system": "csu"},
  {"id": "csu-fullerton", "name": "California State University, Fullerton", "state": "CA", "system": "csu"},
  {"id": "csu-northridge", "name": "California State University, Northridge", "state": "CA", "system": "csu"},
  {"id": "csu-sacramento", "name": "California State University, Sacramento", "state": "CA", "system": "csu"},
  {"id": "csu-fresno", "name": "California State University, Fresno", "state": "CA", "system": "csu"},
  {"id": "cal-poly-pomona", "name": "California State Polytechnic University, Pomona", "state": "CA", "system": "csu"},
  {"id": "cal-poly-slo", "name": "California Polytechnic State University, San Luis Obispo", "state": "CA", "system": "csu"},
  {"id": "csu-los-angeles", "name": "California State University, Los Angeles", "state": "CA", "system": "csu"},
  {"id": "csu-east-bay", "name": "California State University, East Bay", "state": "CA", "system": "csu"},
  {"id": "csu-chico", "name": "California State University, Chico", "state": "CA", "system": "csu"},
  {"id": "cal-poly-humboldt", "name": "California State Polytechnic University, Humboldt", "state": "CA", "system": "csu"},
  {"id": "csu-dominguez-hills", "name": "California State University, Dominguez Hills", "state": "CA", "system": "csu"},
  {"id": "csu-san-bernardino", "name": "California State University, San Bernardino", "state": "CA", "system": "csu"},
  {"id": "csu-stanislaus", "name": "California State University, Stanislaus", "state": "CA", "system": "csu"},
  {"id": "csu-bakersfield", "name": "California State University, Bakersfield", "state": "CA", "system": "csu"},
  {"id": "sonoma-state-university", "name": "Sonoma State University", "state": "CA", "system": "csu"},
  {"id": "csu-san-marcos", "name": "California State University, San Marcos", "state": "CA", "system": "csu"},
  {"id": "csu-monterey-bay", "name": "California State University, Monterey Bay", "state": "CA", "system": "csu"},
  {"id": "csu-channel-islands", "name": "California State University, Channel Islands", "state": "CA", "system": "csu"},
  {"id": "csu-maritime-academy", "name": "California State University Maritime Academy", "state": "CA", "system": "csu"},

  {"id": "harvard-university", "name": "Harvard University", "state": "MA", "system": "ivy"},
  {"id": "yale-university", "name": "Yale University", "state": "CT", "system": "ivy"},
  {"id": "princeton-university", "name": "Princeton University", "state": "NJ", "system": "ivy"},
  {"id": "columbia-university", "name": "Columbia University", "state": "NY", "system": "ivy"},
  {"id": "university-of-pennsylvania", "name": "University of Pennsylvania", "state": "PA", "system": "ivy"},
  {"id": "brown-university", "name": "Brown University", "state": "RI", "system": "ivy"},
  {"id": "dartmouth-college", "name": "Dartmouth College", "state": "NH", "system": "ivy"},
  {"id": "cornell-university", "name": "Cornell University", "state": "NY", "system": "ivy"},

  {"id": "stanford-university", "name": "Stanford University", "state": "CA", "system": "generic"},
  {"id": "mit", "name": "Massachusetts Institute of Technology", "state": "MA", "system": "generic"},
  {"id": "caltech", "name": "California Institute of Technology", "state": "CA", "system": "generic"},
  {"id": "duke-university", "name": "Duke University", "state": "NC", "system": "generic"},
  {"id": "northwestern-university", "name": "Northwestern University", "state": "IL", "system": "generic"},
  {"id": "rice-university", "name": "Rice University", "state": "TX", "system": "generic"},
  {"id": "vanderbilt-university", "name": "Vanderbilt University", "state": "TN", "system": "generic"},
  {"id": "wash-u-st-louis", "name": "Washington University in St. Louis", "state": "MO", "system": "generic"},
  {"id": "emory-university", "name": "Emory University", "state": "GA", "system": "generic"},
  {"id": "georgetown-university", "name": "Georgetown University", "state": "DC", "system": "generic"},
  {"id": "carnegie-mellon-university", "name": "Carnegie Mellon University", "state": "PA", "system": "generic"},
  {"id": "johns-hopkins-university", "name": "Johns Hopkins University", "state": "MD", "system": "generic"},
  {"id": "university-of-chicago", "name": "University of Chicago", "state": "IL", "system": "generic"},
  {"id": "university-of-notre-dame", "name": "University of Notre Dame", "state": "IN", "system": "generic"},
  {"id": "boston-college", "name": "Boston College", "state": "MA", "system": "generic"},
  {"id": "boston-university", "name": "Boston University", "state": "MA", "system": "generic"},
  {"id": "tufts-university", "name": "Tufts University", "state": "MA", "system": "generic"},
  {"id": "brandeis-university", "name": "Brandeis University", "state": "MA", "system": "generic"},
  {"id": "nyu", "name": "New York University", "state": "NY", "system": "generic"},
  {"id": "usc", "name": "University of Southern California", "state": "CA", "system": "generic"},
  {"id": "wake-forest-university", "name": "Wake Forest University", "state": "NC", "system": "generic"},
  {"id": "lehigh-university", "name": "Lehigh University", "state": "PA", "system": "generic"},
  {"id": "case-western-reserve-university", "name": "Case Western Reserve University", "state": "OH", "system": "generic"},
  {"id": "tulane-university", "name": "Tulane University", "state": "LA", "system": "generic"},
  {"id": "northeastern-university", "name": "Northeastern University", "state": "MA", "system": "generic"},
  {"id": "villanova-university", "name": "Villanova University", "state": "PA", "system": "generic"},
  {"id": "rensselaer-polytechnic-institute", "name": "Rensselaer Polytechnic Institute", "state": "NY", "system": "generic"},
  {"id": "george-washington-university", "name": "George Washington University", "state": "DC", "system": "generic"},
  {"id": "american-university", "name": "American University", "state": "DC", "system": "generic"},
  {"id": "smu", "name": "Southern Methodist University", "state": "TX", "system": "generic"},
  {"id": "pepperdine-university", "name": "Pepperdine University", "state": "CA", "system": "generic"},
  {"id": "santa-clara-university", "name": "Santa Clara University", "state": "CA", "system": "generic"},
  {"id": "fordham-university", "name": "Fordham University", "state": "NY", "system": "generic"},
  {"id": "loyola-marymount-university", "name": "Loyola Marymount University", "state": "CA", "system": "generic"},
  {"id": "marquette-university", "name": "Marquette University", "state": "WI", "system": "generic"},
  {"id": "creighton-university", "name": "Creighton University", "state": "NE", "system": "generic"},
  {"id": "gonzaga-university", "name": "Gonzaga University", "state": "WA", "system": "generic"},
  {"id": "xavier-university", "name": "Xavier University", "state": "OH", "system": "generic"},
  {"id": "seton-hall-university", "name": "Seton Hall University", "state": "NJ", "system": "generic"},
  {"id": "university-of-san-diego", "name": "University of San Diego", "state": "CA", "system": "generic"},
  {"id": "university-of-san-francisco", "name": "University of San Francisco", "state": "CA", "system": "generic"},
  {"id": "loyola-university-chicago", "name": "Loyola University Chicago", "state": "IL", "system": "generic"},
  {"id": "depaul-university", "name": "DePaul University", "state": "IL", "system": "generic"},
  {"id": "drexel-university", "name": "Drexel University", "state": "PA", "system": "generic"},
  {"id": "stevens-institute-of-technology", "name": "Stevens Institute of Technology", "state": "NJ", "system": "generic"},
  {"id": "wpi", "name": "Worcester Polytechnic Institute", "state": "MA", "system": "generic"},
  {"id": "rit", "name": "Rochester Institute of Technology", "state": "NY", "system": "generic"},
  {"id": "iit", "name": "Illinois Institute of Technology", "state": "IL", "system": "generic"},
  {"id": "clarkson-university", "name": "Clarkson University", "state": "NY", "system": "generic"},
  {"id": "university-of-denver", "name": "University of Denver", "state": "CO", "system": "generic"},
  {"id": "university-of-tulsa", "name": "University of Tulsa", "state": "OK", "system": "generic"},
  {"id": "university-of-dayton", "name": "University of Dayton", "state": "OH", "system": "generic"},
  {"id": "university-of-the-pacific", "name": "University of the Pacific", "state": "CA", "system": "generic"},
  {"id": "chapman-university", "name": "Chapman University", "state": "CA", "system": "generic"},
  {"id": "baylor-university", "name": "Baylor University", "state": "TX", "system": "generic"},
  {"id": "tcu", "name": "Texas Christian University", "state": "TX", "system": "generic"},
  {"id": "byu", "name": "Brigham Young University", "state": "UT", "system": "generic"},
  {"id": "university-of-richmond", "name": "University of Richmond", "state": "VA", "system": "generic"},
  {"id": "elon-university", "name": "Elon University", "state": "NC", "system": "generic"},
  {"id": "fairfield-university", "name": "Fairfield University", "state": "CT", "system": "generic"},
  {"id": "quinnipiac-university", "name": "Quinnipiac University", "state": "CT", "system": "generic"},
  {"id": "hofstra-university", "name": "Hofstra University", "state": "NY", "system": "generic"},
  {"id": "syracuse-university", "name": "Syracuse University", "state": "NY", "system": "generic"},

  {"id": "georgia-tech", "name": "Georgia Institute of Technology", "state": "GA", "system": "generic"},
  {"id": "virginia-tech", "name": "Virginia Polytechnic Institute and State University", "state": "VA", "system": "generic"},
  {"id": "colorado-school-of-mines", "name": "Colorado School of Mines", "state": "CO", "system": "generic"},
  {"id": "harvey-mudd-college", "name": "Harvey Mudd College", "state": "CA", "system": "generic"},
  {"id": "rose-hulman", "name": "Rose-Hulman Institute of Technology", "state": "IN", "system": "generic"},
  {"id": "njit", "name": "New Jersey Institute of Technology", "state": "NJ", "system": "generic"},
  {"id": "michigan-tech", "name": "Michigan Technological University", "state": "MI", "system": "generic"},
  {"id": "missouri-s-and-t", "name": "Missouri University of Science and Technology", "state": "MO", "system": "generic"},

  {"id": "university-of-michigan", "name": "University of Michigan", "state": "MI", "system": "generic"},
  {"id": "university-of-virginia", "name": "University of Virginia", "state": "VA", "system": "generic"},
  {"id": "unc-chapel-hill", "name": "University of North Carolina at Chapel Hill", "state": "NC", "system": "generic"},
  {"id": "ut-austin", "name": "University of Texas at Austin", "state": "TX", "system": "generic"},
  {"id": "university-of-florida", "name": "University of Florida", "state": "FL", "system": "generic"},
  {"id": "uw-madison", "name": "University of Wisconsin-Madison", "state": "WI", "system": "generic"},
  {"id": "uiuc", "name": "University of Illinois Urbana-Champaign", "state": "IL", "system": "generic"},
  {"id": "university-of-washington", "name": "University of Washington", "state": "WA", "system": "generic"},
  {"id": "ohio-state-university", "name": "Ohio State University", "state": "OH", "system": "generic"},
  {"id": "penn-state", "name": "Pennsylvania State University", "state": "PA", "system": "generic"},
  {"id": "university-of-georgia", "name": "University of Georgia", "state": "GA", "system": "generic"},
  {"id": "university-of-minnesota", "name": "University of Minnesota, Twin Cities", "state": "MN", "system": "generic"},
  {"id": "indiana-university", "name": "Indiana University Bloomington", "state": "IN", "system": "generic"},
  {"id": "university-of-maryland", "name": "University of Maryland, College Park", "state": "MD", "system": "generic"},
  {"id": "purdue-university", "name": "Purdue University", "state": "IN", "system": "generic"},
  {"id": "rutgers-university", "name": "Rutgers University-New Brunswick", "state": "NJ", "system": "generic"},
  {"id": "university-of-iowa", "name": "University of Iowa", "state": "IA", "system": "generic"},
  {"id": "cu-boulder", "name": "University of Colorado Boulder", "state": "CO", "system": "generic"},
  {"id": "university-of-pittsburgh", "name": "University of Pittsburgh", "state": "PA", "system": "generic"},
  {"id": "university-of-oregon", "name": "University of Oregon", "state": "OR", "system": "generic"},
  {"id": "oregon-state-university", "name": "Oregon State University", "state": "OR", "system": "generic"},
  {"id": "university-of-arizona", "name": "University of Arizona", "state": "AZ", "system": "generic"},
  {"id": "arizona-state-university", "name": "Arizona State University", "state": "AZ", "system": "generic"},
  {"id": "michigan-state-university", "name": "Michigan State University", "state": "MI", "system": "generic"},
  {"id": "iowa-state-university", "name": "Iowa State University", "state": "IA", "system": "generic"},
  {"id": "university-of-kansas", "name": "University of Kansas", "state": "KS", "system": "generic"},
  {"id": "kansas-state-university", "name": "Kansas State University", "state": "KS", "system": "generic"},
  {"id": "university-of-nebraska", "name": "University of Nebraska-Lincoln", "state": "NE", "system": "generic"},
  {"id": "university-of-oklahoma", "name": "University of Oklahoma", "state": "OK", "system": "generic"},
  {"id": "oklahoma-state-university", "name": "Oklahoma State University", "state": "OK", "system": "generic"},
  {"id": "texas-a-and-m", "name": "Texas A&M University", "state": "TX", "system": "generic"},
  {"id": "texas-tech-university", "name": "Texas Tech University", "state": "TX", "system": "generic"},
  {"id": "university-of-houston", "name": "University of Houston", "state": "TX", "system": "generic"},
  {"id": "university-of-north-texas", "name": "University of North Texas", "state": "TX", "system": "generic"},
  {"id": "texas-state-university", "name": "Texas State University", "state": "TX", "system": "generic"},
  {"id": "ut-dallas", "name": "University of Texas at Dallas", "state": "TX", "system": "generic"},
  {"id": "ut-san-antonio", "name": "University of Texas at San Antonio", "state": "TX", "system": "generic"},
  {"id": "ut-arlington", "name": "University of Texas at Arlington", "state": "TX", "system": "generic"},
  {"id": "ut-el-paso", "name": "University of Texas at El Paso", "state": "TX", "system": "generic"},
  {"id": "ut-rio-grande-valley", "name": "University of Texas Rio Grande Valley", "state": "TX", "system": "generic"},
  {"id": "university-of-alabama", "name": "University of Alabama", "state": "AL", "system": "generic"},
  {"id": "auburn-university", "name": "Auburn University", "state": "AL", "system": "generic"},
  {"id": "university-of-mississippi", "name": "University of Mississippi", "state": "MS", "system": "generic"},
  {"id": "mississippi-state-university", "name": "Mississippi State University", "state": "MS", "system": "generic"},
  {"id": "lsu", "name": "Louisiana State University", "state": "LA", "system": "generic"},
  {"id": "university-of-arkansas", "name": "University of Arkansas", "state": "AR", "system": "generic"},
  {"id": "university-of-tennessee", "name": "University of Tennessee, Knoxville", "state": "TN", "system": "generic"},
  {"id": "university-of-kentucky", "name": "University of Kentucky", "state": "KY", "system": "generic"},
  {"id": "university-of-south-carolina", "name": "University of South Carolina", "state": "SC", "system": "generic"},
  {"id": "clemson-university", "name": "Clemson University", "state": "SC", "system": "generic"},
  {"id": "university-of-missouri", "name": "University of Missouri", "state": "MO", "system": "generic"},
  {"id": "west-virginia-university", "name": "West Virginia University", "state": "WV", "system": "generic"},
  {"id": "nc-state", "name": "North Carolina State University", "state": "NC", "system": "generic"},
  {"id": "uconn", "name": "University of Connecticut", "state": "CT", "system": "generic"},
  {"id": "umass-amherst", "name": "University of Massachusetts Amherst", "state": "MA", "system": "generic"},
  {"id": "university-of-vermont", "name": "University of Vermont", "state": "VT", "system": "generic"},
  {"id": "university-of-new-hampshire", "name": "University of New Hampshire", "state": "NH", "system": "generic"},
  {"id": "university-of-maine", "name": "University of Maine", "state": "ME", "system": "generic"},
  {"id": "university-of-rhode-island", "name": "University of Rhode Island", "state": "RI", "system": "generic"},
  {"id": "university-of-delaware", "name": "University of Delaware", "state": "DE", "system": "generic"},
  {"id": "florida-state-university", "name": "Florida State University", "state": "FL", "system": "generic"},
  {"id": "ucf", "name": "University of Central Florida", "state": "FL", "system": "generic"},
  {"id": "usf", "name": "University of South Florida", "state": "FL", "system": "generic"},
  {"id": "fiu", "name": "Florida International University", "state": "FL", "system": "generic"},
  {"id": "fau", "name": "Florida Atlantic University", "state": "FL", "system": "generic"},
  {"id": "university-of-miami", "name": "University of Miami", "state": "FL", "system": "generic"},
  {"id": "university-of-utah", "name": "University of Utah", "state": "UT", "system": "generic"},
  {"id": "utah-state-university", "name": "Utah State University", "state": "UT", "system": "generic"},
  {"id": "unlv", "name": "University of Nevada, Las Vegas", "state": "NV", "system": "generic"},
  {"id": "unr", "name": "University of Nevada, Reno", "state": "NV", "system": "generic"},
  {"id": "university-of-new-mexico", "name": "University of New Mexico", "state": "NM", "system": "generic"},
  {"id": "new-mexico-state-university", "name": "New Mexico State University", "state": "NM", "system": "generic"},
  {"id": "university-of-hawaii", "name": "University of Hawaii at Manoa", "state": "HI", "system": "generic"},
  {"id": "university-of-alaska-fairbanks", "name": "University of Alaska Fairbanks", "state": "AK", "system": "generic"},
  {"id": "university-of-alaska-anchorage", "name": "University of Alaska Anchorage", "state": "AK", "system": "generic"},
  {"id": "university-of-idaho", "name": "University of Idaho", "state": "ID", "system": "generic"},
  {"id": "boise-state-university", "name": "Boise State University", "state": "ID", "system": "generic"},
  {"id": "university-of-montana", "name": "University of Montana", "state": "MT", "system": "generic"},
  {"id": "montana-state-university", "name": "Montana State University", "state": "MT", "system": "generic"},
  {"id": "university-of-wyoming", "name": "University of Wyoming", "state": "WY", "system": "generic"},
  {"id": "university-of-north-dakota", "name": "University of North Dakota", "state": "ND", "system": "generic"},
  {"id": "north-dakota-state-university", "name": "North Dakota State University", "state": "ND", "system": "generic"},
  {"id": "university-of-south-dakota", "name": "University of South Dakota", "state": "SD", "system": "generic"},
  {"id": "south-dakota-state-university", "name": "South Dakota State University", "state": "SD", "system": "generic"},
  {"id": "washington-state-university", "name": "Washington State University", "state": "WA", "system": "generic"},
  {"id": "colorado-state-university", "name": "Colorado State University", "state": "CO", "system": "generic"},
  {"id": "cu-denver", "name": "University of Colorado Denver", "state": "CO", "system": "generic"},
  {"id": "university-of-cincinnati", "name": "University of Cincinnati", "state": "OH", "system": "generic"},
  {"id": "university-of-louisville", "name": "University of Louisville", "state": "KY", "system": "generic"},

  {"id": "stony-brook-university", "name": "Stony Brook University", "state": "NY", "system": "generic"},
  {"id": "university-at-buffalo", "name": "University at Buffalo", "state": "NY", "system": "generic"},
  {"id": "binghamton-university", "name": "Binghamton University", "state": "NY", "system": "generic"},
  {"id": "university-at-albany", "name": "University at Albany", "state": "NY", "system": "generic"},

  {"id": "temple-university", "name": "Temple University", "state": "PA", "system": "generic"},
  {"id": "university-of-memphis", "name": "University of Memphis", "state": "TN", "system": "generic"},
  {"id": "uab", "name": "University of Alabama at Birmingham", "state": "AL", "system": "generic"},
  {"id": "uah", "name": "University of Alabama in Huntsville", "state": "AL", "system": "generic"},
  {"id": "university-of-louisiana-lafayette", "name": "University of Louisiana at Lafayette", "state": "LA", "system": "generic"},
  {"id": "louisiana-tech-university", "name": "Louisiana Tech University", "state": "LA", "system": "generic"},
  {"id": "unc-charlotte", "name": "University of North Carolina at Charlotte", "state": "NC", "system": "generic"},
  {"id": "east-carolina-university", "name": "East Carolina University", "state": "NC", "system": "generic"},
  {"id": "appalachian-state-university", "name": "Appalachian State University", "state": "NC", "system": "generic"},
  {"id": "james-madison-university", "name": "James Madison University", "state": "VA", "system": "generic"},
  {"id": "george-mason-university", "name": "George Mason University", "state": "VA", "system": "generic"},
  {"id": "old-dominion-university", "name": "Old Dominion University", "state": "VA", "system": "generic"},
  {"id": "vcu", "name": "Virginia Commonwealth University", "state": "VA", "system": "generic"},
  {"id": "william-and-mary", "name": "College of William & Mary", "state": "VA", "system": "generic"},
  {"id": "university-of-nebraska-omaha", "name": "University of Nebraska at Omaha", "state": "NE", "system": "generic"},

  {"id": "williams-college", "name": "Williams College", "state": "MA", "system": "generic"},
  {"id": "amherst-college", "name": "Amherst College", "state": "MA", "system": "generic"},
  {"id": "swarthmore-college", "name": "Swarthmore College", "state": "PA", "system": "generic"},
  {"id": "wellesley-college", "name": "Wellesley College", "state": "MA", "system": "generic"},
  {"id": "pomona-college", "name": "Pomona College", "state": "CA", "system": "generic"},
  {"id": "claremont-mckenna-college", "name": "Claremont McKenna College", "state": "CA", "system": "generic"},
  {"id": "bowdoin-college", "name": "Bowdoin College", "state": "ME", "system": "generic"},
  {"id": "middlebury-college", "name": "Middlebury College", "state": "VT", "system": "generic"},
  {"id": "carleton-college", "name": "Carleton College", "state": "MN", "system": "generic"},
  {"id": "haverford-college", "name": "Haverford College", "state": "PA", "system": "generic"},
  {"id": "vassar-college", "name": "Vassar College", "state": "NY", "system": "generic"},
  {"id": "colgate-university", "name": "Colgate University", "state": "NY", "system": "generic"},
  {"id": "hamilton-college", "name": "Hamilton College", "state": "NY", "system": "generic"},
  {"id": "wesleyan-university", "name": "Wesleyan University", "state": "CT", "system": "generic"},
  {"id": "grinnell-college", "name": "Grinnell College", "state": "IA", "system": "generic"},
  {"id": "davidson-college", "name": "Davidson College", "state": "NC", "system": "generic"},
  {"id": "colby-college", "name": "Colby College", "state": "ME", "system": "generic"},
  {"id": "bates-college", "name": "Bates College", "state": "ME", "system": "generic"},
  {"id": "smith-college", "name": "Smith College", "state": "MA", "system": "generic"},
  {"id": "mount-holyoke-college", "name": "Mount Holyoke College", "state": "MA", "system": "generic"},
  {"id": "bryn-mawr-college", "name": "Bryn Mawr College", "state": "PA", "system": "generic"},
  {"id": "barnard-college", "name": "Barnard College", "state": "NY", "system": "generic"},
  {"id": "scripps-college", "name": "Scripps College", "state": "CA", "system": "generic"},
  {"id": "oberlin-college", "name": "Oberlin College", "state": "OH", "system": "generic"},
  {"id": "kenyon-college", "name": "Kenyon College", "state": "OH", "system": "generic"},
  {"id": "denison-university", "name": "Denison University", "state": "OH", "system": "generic"},
  {"id": "colorado-college", "name": "Colorado College", "state": "CO", "system": "generic"},
  {"id": "macalester-college", "name": "Macalester College", "state": "MN", "system": "generic"},
  {"id": "reed-college", "name": "Reed College", "state": "OR", "system": "generic"},
  {"id": "whitman-college", "name": "Whitman College", "state": "WA", "system": "generic"},
  {"id": "bucknell-university", "name": "Bucknell University", "state": "PA", "system": "generic"},
  {"id": "lafayette-college", "name": "Lafayette College", "state": "PA", "system": "generic"},
  {"id": "union-college", "name": "Union College", "state": "NY", "system": "generic"},
  {"id": "trinity-college", "name": "Trinity College", "state": "CT", "system": "generic"},
  {"id": "connecticut-college", "name": "Connecticut College", "state": "CT", "system": "generic"},
  {"id": "dickinson-college", "name": "Dickinson College", "state": "PA", "system": "generic"},
  {"id": "gettysburg-college", "name": "Gettysburg College", "state": "PA", "system": "generic"},
  {"id": "franklin-and-marshall-college", "name": "Franklin & Marshall College", "state": "PA", "system": "generic"},
  {"id": "sewanee", "name": "Sewanee: The University of the South", "state": "TN", "system": "generic"},
  {"id": "furman-university", "name": "Furman University", "state": "SC", "system": "generic"},
  {"id": "rhodes-college", "name": "Rhodes College", "state": "TN", "system": "generic"},
  {"id": "centre-college", "name": "Centre College", "state": "KY", "system": "generic"},
  {"id": "depauw-university", "name": "DePauw University", "state": "IN", "system": "generic"},
  {"id": "wabash-college", "name": "Wabash College", "state": "IN", "system": "generic"},
  {"id": "college-of-the-holy-cross", "name": "College of the Holy Cross", "state": "MA", "system": "generic"},
  {"id": "washington-and-lee-university", "name": "Washington and Lee University", "state": "VA", "system": "generic"},
  {"id": "university-of-puget-sound", "name": "University of Puget Sound", "state": "WA", "system": "generic"},
  {"id": "lewis-and-clark-college", "name": "Lewis & Clark College", "state": "OR", "system": "generic"},
  {"id": "occidental-college", "name": "Occidental College", "state": "CA", "system": "generic"},
  {"id": "pitzer-college", "name": "Pitzer College", "state": "CA", "system": "generic"},
  {"id": "sarah-lawrence-college", "name": "Sarah Lawrence College", "state": "NY", "system": "generic"},
  {"id": "skidmore-college", "name": "Skidmore College", "state": "NY", "system": "generic"},
  {"id": "st-olaf-college", "name": "St. Olaf College", "state": "MN", "system": "generic"},
  {"id": "beloit-college", "name": "Beloit College", "state": "WI", "system": "generic"},
  {"id": "lawrence-university", "name": "Lawrence University", "state": "WI", "system": "generic"},
  {"id": "knox-college", "name": "Knox College", "state": "IL", "system": "generic"},
  {"id": "lake-forest-college", "name": "Lake Forest College", "state": "IL", "system": "generic"},
  {"id": "kalamazoo-college", "name": "Kalamazoo College", "state": "MI", "system": "generic"},
  {"id": "hope-college", "name": "Hope College", "state": "MI", "system": "generic"},
  {"id": "allegheny-college", "name": "Allegheny College", "state": "PA", "system": "generic"},
  {"id": "muhlenberg-college", "name": "Muhlenberg College", "state": "PA", "system": "generic"},
  {"id": "ursinus-college", "name": "Ursinus College", "state": "PA", "system": "generic"},

  {"id": "howard-university", "name": "Howard University", "state": "DC", "system": "generic"},
  {"id": "morehouse-college", "name": "Morehouse College", "state": "GA", "system": "generic"},
  {"id": "spelman-college", "name": "Spelman College", "state": "GA", "system": "generic"},
  {"id": "hampton-university", "name": "Hampton University", "state": "VA", "system": "generic"},
  {"id": "tuskegee-university", "name": "Tuskegee University", "state": "AL", "system": "generic"},
  {"id": "famu", "name": "Florida A&M University", "state": "FL", "system": "generic"},
  {"id": "north-carolina-a-and-t", "name": "North Carolina A&T State University", "state": "NC", "system": "generic"},
  {"id": "nccu", "name": "North Carolina Central University", "state": "NC", "system": "generic"},
  {"id": "jackson-state-university", "name": "Jackson State University", "state": "MS", "system": "generic"},
  {"id": "tennessee-state-university", "name": "Tennessee State University", "state": "TN", "system": "generic"},
  {"id": "southern-university", "name": "Southern University and A&M College", "state": "LA", "system": "generic"},
  {"id": "grambling-state-university", "name": "Grambling State University", "state": "LA", "system": "generic"},
  {"id": "xavier-university-of-louisiana", "name": "Xavier University of Louisiana", "state": "LA", "system": "generic"},
  {"id": "prairie-view-a-and-m", "name": "Prairie View A&M University", "state": "TX", "system": "generic"},
  {"id": "texas-southern-university", "name": "Texas Southern University", "state": "TX", "system": "generic"},
  {"id": "morgan-state-university", "name": "Morgan State University", "state": "MD", "system": "generic"},
  {"id": "coppin-state-university", "name": "Coppin State University", "state": "MD", "system": "generic"},
  {"id": "bowie-state-university", "name": "Bowie State University", "state": "MD", "system": "generic"},
  {"id": "delaware-state-university", "name": "Delaware State University", "state": "DE", "system": "generic"},
  {"id": "virginia-state-university", "name": "Virginia State University", "state": "VA", "system": "generic"},
  {"id": "norfolk-state-university", "name": "Norfolk State University", "state": "VA", "system": "generic"},
  {"id": "clark-atlanta-university", "name": "Clark Atlanta University", "state": "GA", "system": "generic"},
  {"id": "fisk-university", "name": "Fisk University", "state": "TN", "system": "generic"},
  {"id": "bethune-cookman-university", "name": "Bethune-Cookman University", "state": "FL", "system": "generic"},
  {"id": "alabama-a-and-m", "name": "Alabama A&M University", "state": "AL", "system": "generic"},
  {"id": "alabama-state-university", "name": "Alabama State University", "state": "AL", "system": "generic"},
  {"id": "alcorn-state-university", "name": "Alcorn State University", "state": "MS", "system": "generic"},
  {"id": "south-carolina-state-university", "name": "South Carolina State University", "state": "SC", "system": "generic"},
  {"id": "winston-salem-state-university", "name": "Winston-Salem State University", "state": "NC", "system": "generic"},
  {"id": "lincoln-university", "name": "Lincoln University", "state": "PA", "system": "generic"},
  {"id": "central-state-university", "name": "Central State University", "state": "OH", "system": "generic"},
  {"id": "langston-university", "name": "Langston University", "state": "OK", "system": "generic"},
  {"id": "kentucky-state-university", "name": "Kentucky State University", "state": "KY", "system": "generic"},
  {"id": "west-virginia-state-university", "name": "West Virginia State University", "state": "WV", "system": "generic"},
  {"id": "harris-stowe-state-university", "name": "Harris-Stowe State University", "state": "MO", "system": "generic"},

  {"id": "university-of-rochester", "name": "University of Rochester", "state": "NY", "system": "generic"},
  {"id": "willamette-university", "name": "Willamette University", "state": "OR", "system": "generic"},
  {"id": "university-of-portland", "name": "University of Portland", "state": "OR", "system": "generic"},
  {"id": "seattle-university", "name": "Seattle University", "state": "WA", "system": "generic"},
  {"id": "pacific-lutheran-university", "name": "Pacific Lutheran University", "state": "WA", "system": "generic"},
  {"id": "seattle-pacific-university", "name": "Seattle Pacific University", "state": "WA", "system": "generic"},
  {"id": "whitworth-university", "name": "Whitworth University", "state": "WA", "system": "generic"},
  {"id": "oral-roberts-university", "name": "Oral Roberts University", "state": "OK", "system": "generic"},
  {"id": "wichita-state-university", "name": "Wichita State University", "state": "KS", "system": "generic"},

  {"id": "uic", "name": "University of Illinois Chicago", "state": "IL", "system": "generic"},
  {"id": "northern-illinois-university", "name": "Northern Illinois University", "state": "IL", "system": "generic"},
  {"id": "siu-carbondale", "name": "Southern Illinois University Carbondale", "state": "IL", "system": "generic"},
  {"id": "illinois-state-university", "name": "Illinois State University", "state": "IL", "system": "generic"},
  {"id": "western-illinois-university", "name": "Western Illinois University", "state": "IL", "system": "generic"},
  {"id": "eastern-illinois-university", "name": "Eastern Illinois University", "state": "IL", "system": "generic"},
  {"id": "bradley-university", "name": "Bradley University", "state": "IL", "system": "generic"},

  {"id": "ball-state-university", "name": "Ball State University", "state": "IN", "system": "generic"},
  {"id": "butler-university", "name": "Butler University", "state": "IN", "system": "generic"},
  {"id": "valparaiso-university", "name": "Valparaiso University", "state": "IN", "system": "generic"},
  {"id": "university-of-evansville", "name": "University of Evansville", "state": "IN", "system": "generic"},

  {"id": "bgsu", "name": "Bowling Green State University", "state": "OH", "system": "generic"},
  {"id": "kent-state-university", "name": "Kent State University", "state": "OH", "system": "generic"},
  {"id": "ohio-university", "name": "Ohio University", "state": "OH", "system": "generic"},
  {"id": "miami-university-ohio", "name": "Miami University", "state": "OH", "system": "generic"},
  {"id": "university-of-akron", "name": "University of Akron", "state": "OH", "system": "generic"},
  {"id": "university-of-toledo", "name": "University of Toledo", "state": "OH", "system": "generic"},
  {"id": "wright-state-university", "name": "Wright State University", "state": "OH", "system": "generic"},
  {"id": "cleveland-state-university", "name": "Cleveland State University", "state": "OH", "system": "generic"},
  {"id": "youngstown-state-university", "name": "Youngstown State University", "state": "OH", "system": "generic"},

  {"id": "um-dearborn", "name": "University of Michigan-Dearborn", "state": "MI", "system": "generic"},
  {"id": "wayne-state-university", "name": "Wayne State University", "state": "MI", "system": "generic"},
  {"id": "western-michigan-university", "name": "Western Michigan University", "state": "MI", "system": "generic"},
  {"id": "central-michigan-university", "name": "Central Michigan University", "state": "MI", "system": "generic"},
  {"id": "eastern-michigan-university", "name": "Eastern Michigan University", "state": "MI", "system": "generic"},
  {"id": "grand-valley-state-university", "name": "Grand Valley State University", "state": "MI", "system": "generic"},
  {"id": "oakland-university", "name": "Oakland University", "state": "MI", "system": "generic"},

  {"id": "uw-milwaukee", "name": "University of Wisconsin-Milwaukee", "state": "WI", "system": "generic"},

  {"id": "saint-louis-university", "name": "Saint Louis University", "state": "MO", "system": "generic"},
  {"id": "missouri-state-university", "name": "Missouri State University", "state": "MO", "system": "generic"},
  {"id": "umkc", "name": "University of Missouri-Kansas City", "state": "MO", "system": "generic"},

  {"id": "um-duluth", "name": "University of Minnesota Duluth", "state": "MN", "system": "generic"},
  {"id": "minnesota-state-mankato", "name": "Minnesota State University, Mankato", "state": "MN", "system": "generic"},

  {"id": "georgia-state-university", "name": "Georgia State University", "state": "GA", "system": "generic"},
  {"id": "kennesaw-state-university", "name": "Kennesaw State University", "state": "GA", "system": "generic"},
  {"id": "georgia-southern-university", "name": "Georgia Southern University", "state": "GA", "system": "generic"},
  {"id": "mercer-university", "name": "Mercer University", "state": "GA", "system": "generic"},
  {"id": "augusta-university", "name": "Augusta University", "state": "GA", "system": "generic"},

  {"id": "tennessee-tech", "name": "Tennessee Technological University", "state": "TN", "system": "generic"},
  {"id": "middle-tennessee-state", "name": "Middle Tennessee State University", "state": "TN", "system": "generic"},
  {"id": "belmont-university", "name": "Belmont University", "state": "TN", "system": "generic"},

  {"id": "eastern-kentucky-university", "name": "Eastern Kentucky University", "state": "KY", "system": "generic"},
  {"id": "western-kentucky-university", "name": "Western Kentucky University", "state": "KY", "system": "generic"},
  {"id": "murray-state-university", "name": "Murray State University", "state": "KY", "system": "generic"},

  {"id": "marshall-university", "name": "Marshall University", "state": "WV", "system": "generic"},

  {"id": "college-of-charleston", "name": "College of Charleston", "state": "SC", "system": "generic"},
  {"id": "coastal-carolina-university", "name": "Coastal Carolina University", "state": "SC", "system": "generic"},
  {"id": "wofford-college", "name": "Wofford College", "state": "SC", "system": "generic"},

  {"id": "unc-wilmington", "name": "University of North Carolina at Wilmington", "state": "NC", "system": "generic"},
  {"id": "unc-greensboro", "name": "University of North Carolina at Greensboro", "state": "NC", "system": "generic"},
  {"id": "unc-asheville", "name": "University of North Carolina at Asheville", "state": "NC", "system": "generic"},
  {"id": "western-carolina-university", "name": "Western Carolina University", "state": "NC", "system": "generic"},
  {"id": "high-point-university", "name": "High Point University", "state": "NC", "system": "generic"},
  {"id": "campbell-university", "name": "Campbell University", "state": "NC", "system": "generic"},

  {"id": "liberty-university", "name": "Liberty University", "state": "VA", "system": "generic"},
  {"id": "radford-university", "name": "Radford University", "state": "VA", "system": "generic"},
  {"id": "longwood-university", "name": "Longwood University", "state": "VA", "system": "generic"},
  {"id": "vmi", "name": "Virginia Military Institute", "state": "VA", "system": "generic"},
  {"id": "roanoke-college", "name": "Roanoke College", "state": "VA", "system": "generic"},
  {"id": "randolph-macon-college", "name": "Randolph-Macon College", "state": "VA", "system": "generic"},
  {"id": "hampden-sydney-college", "name": "Hampden-Sydney College", "state": "VA", "system": "generic"},
  {"id": "university-of-mary-washington", "name": "University of Mary Washington", "state": "VA", "system": "generic"},
  {"id": "christopher-newport-university", "name": "Christopher Newport University", "state": "VA", "system": "generic"},
  {"id": "shenandoah-university", "name": "Shenandoah University", "state": "VA", "system": "generic"},
  {"id": "university-of-lynchburg", "name": "University of Lynchburg", "state": "VA", "system": "generic"},

  {"id": "umbc", "name": "University of Maryland, Baltimore County", "state": "MD", "system": "generic"},
  {"id": "towson-university", "name": "Towson University", "state": "MD", "system": "generic"},
  {"id": "salisbury-university", "name": "Salisbury University", "state": "MD", "system": "generic"},
  {"id": "loyola-university-maryland", "name": "Loyola University Maryland", "state": "MD", "system": "generic"},
  {"id": "hood-college", "name": "Hood College", "state": "MD", "system": "generic"},
  {"id": "goucher-college", "name": "Goucher College", "state": "MD", "system": "generic"},
  {"id": "washington-college", "name": "Washington College", "state": "MD", "system": "generic"},
  {"id": "frostburg-state-university", "name": "Frostburg State University", "state": "MD", "system": "generic"},

  {"id": "rowan-university", "name": "Rowan University", "state": "NJ", "system": "generic"},
  {"id": "montclair-state-university", "name": "Montclair State University", "state": "NJ", "system": "generic"},
  {"id": "the-college-of-new-jersey", "name": "The College of New Jersey", "state": "NJ", "system": "generic"},
  {"id": "stockton-university", "name": "Stockton University", "state": "NJ", "system": "generic"},
  {"id": "rutgers-newark", "name": "Rutgers University-Newark", "state": "NJ", "system": "generic"},
  {"id": "rider-university", "name": "Rider University", "state": "NJ", "system": "generic"},
  {"id": "monmouth-university", "name": "Monmouth University", "state": "NJ", "system": "generic"},
  {"id": "fairleigh-dickinson-university", "name": "Fairleigh Dickinson University", "state": "NJ", "system": "generic"},

  {"id": "university-of-new-haven", "name": "University of New Haven", "state": "CT", "system": "generic"},
  {"id": "sacred-heart-university", "name": "Sacred Heart University", "state": "CT", "system": "generic"},

  {"id": "providence-college", "name": "Providence College", "state": "RI", "system": "generic"},
  {"id": "bryant-university", "name": "Bryant University", "state": "RI", "system": "generic"},
  {"id": "roger-williams-university", "name": "Roger Williams University", "state": "RI", "system": "generic"},
  {"id": "rhode-island-school-of-design", "name": "Rhode Island School of Design", "state": "RI", "system": "generic"},
  {"id": "salve-regina-university", "name": "Salve Regina University", "state": "RI", "system": "generic"},

  {"id": "clark-university", "name": "Clark University", "state": "MA", "system": "generic"},
  {"id": "bentley-university", "name": "Bentley University", "state": "MA", "system": "generic"},
  {"id": "babson-college", "name": "Babson College", "state": "MA", "system": "generic"},
  {"id": "umass-lowell", "name": "University of Massachusetts Lowell", "state": "MA", "system": "generic"},
  {"id": "umass-boston", "name": "University of Massachusetts Boston", "state": "MA", "system": "generic"},
  {"id": "umass-dartmouth", "name": "University of Massachusetts Dartmouth", "state": "MA", "system": "generic"},
  {"id": "emerson-college", "name": "Emerson College", "state": "MA", "system": "generic"},
  {"id": "simmons-university", "name": "Simmons University", "state": "MA", "system": "generic"},
  {"id": "suffolk-university", "name": "Suffolk University", "state": "MA", "system": "generic"},
  {"id": "berklee-college-of-music", "name": "Berklee College of Music", "state": "MA", "system": "generic"},
  {"id": "mass-college-of-art", "name": "Massachusetts College of Art and Design", "state": "MA", "system": "generic"},

  {"id": "saint-anselm-college", "name": "Saint Anselm College", "state": "NH", "system": "generic"},
  {"id": "southern-new-hampshire-university", "name": "Southern New Hampshire University", "state": "NH", "system": "generic"},
  {"id": "plymouth-state-university", "name": "Plymouth State University", "state": "NH", "system": "generic"},
  {"id": "keene-state-college", "name": "Keene State College", "state": "NH", "system": "generic"},

  {"id": "bennington-college", "name": "Bennington College", "state": "VT", "system": "generic"},
  {"id": "saint-michaels-college", "name": "Saint Michael's College", "state": "VT", "system": "generic"},
  {"id": "champlain-college", "name": "Champlain College", "state": "VT", "system": "generic"},
  {"id": "norwich-university", "name": "Norwich University", "state": "VT", "system": "generic"},

  {"id": "university-of-southern-maine", "name": "University of Southern Maine", "state": "ME", "system": "generic"},

  {"id": "marist-college", "name": "Marist College", "state": "NY", "system": "generic"},
  {"id": "ithaca-college", "name": "Ithaca College", "state": "NY", "system": "generic"},
  {"id": "siena-college", "name": "Siena College", "state": "NY", "system": "generic"},
  {"id": "suny-geneseo", "name": "SUNY Geneseo", "state": "NY", "system": "generic"},
  {"id": "suny-new-paltz", "name": "SUNY New Paltz", "state": "NY", "system": "generic"},
  {"id": "suny-oswego", "name": "SUNY Oswego", "state": "NY", "system": "generic"},
  {"id": "suny-plattsburgh", "name": "SUNY Plattsburgh", "state": "NY", "system": "generic"},
  {"id": "suny-cortland", "name": "SUNY Cortland", "state": "NY", "system": "generic"},
  {"id": "suny-oneonta", "name": "SUNY Oneonta", "state": "NY", "system": "generic"},
  {"id": "suny-purchase", "name": "SUNY Purchase College", "state": "NY", "system": "generic"},
  {"id": "suny-esf", "name": "SUNY College of Environmental Science and Forestry", "state": "NY", "system": "generic"},
  {"id": "suny-fredonia", "name": "SUNY Fredonia", "state": "NY", "system": "generic"},
  {"id": "suny-brockport", "name": "SUNY Brockport", "state": "NY", "system": "generic"},
  {"id": "suny-potsdam", "name": "SUNY Potsdam", "state": "NY", "system": "generic"},
  {"id": "cuny-baruch", "name": "CUNY Baruch College", "state": "NY", "system": "generic"},
  {"id": "cuny-hunter", "name": "CUNY Hunter College", "state": "NY", "system": "generic"},
  {"id": "cuny-city-college", "name": "CUNY City College of New York", "state": "NY", "system": "generic"},
  {"id": "cuny-brooklyn", "name": "CUNY Brooklyn College", "state": "NY", "system": "generic"},
  {"id": "cuny-queens", "name": "CUNY Queens College", "state": "NY", "system": "generic"},
  {"id": "pace-university", "name": "Pace University", "state": "NY", "system": "generic"},
  {"id": "st-johns-university", "name": "St. John's University", "state": "NY", "system": "generic"},
  {"id": "manhattan-college", "name": "Manhattan College", "state": "NY", "system": "generic"},
  {"id": "le-moyne-college", "name": "Le Moyne College", "state": "NY", "system": "generic"},
  {"id": "st-lawrence-university", "name": "St. Lawrence University", "state": "NY", "system": "generic"},
  {"id": "hobart-william-smith", "name": "Hobart and William Smith Colleges", "state": "NY", "system": "generic"},
  {"id": "st-bonaventure-university", "name": "St. Bonaventure University", "state": "NY", "system": "generic"},
  {"id": "niagara-university", "name": "Niagara University", "state": "NY", "system": "generic"},
  {"id": "canisius-college", "name": "Canisius College", "state": "NY", "system": "generic"},
  {"id": "the-new-school", "name": "The New School", "state": "NY", "system": "generic"},
  {"id": "cooper-union", "name": "The Cooper Union", "state": "NY", "system": "generic"},
  {"id": "pratt-institute", "name": "Pratt Institute", "state": "NY", "system": "generic"},
  {"id": "fashion-institute-of-technology", "name": "Fashion Institute of Technology", "state": "NY", "system": "generic"},
  {"id": "juilliard-school", "name": "The Juilliard School", "state": "NY", "system": "generic"},
  {"id": "manhattan-school-of-music", "name": "Manhattan School of Music", "state": "NY", "system": "generic"},
  {"id": "west-point", "name": "United States Military Academy", "state": "NY", "system": "generic"},
  {"id": "us-merchant-marine-academy", "name": "United States Merchant Marine Academy", "state": "NY", "system": "generic"},
  {"id": "adelphi-university", "name": "Adelphi University", "state": "NY", "system": "generic"},
  {"id": "wagner-college", "name": "Wagner College", "state": "NY", "system": "generic"},

  {"id": "duquesne-university", "name": "Duquesne University", "state": "PA", "system": "generic"},
  {"id": "saint-josephs-university", "name": "Saint Joseph's University", "state": "PA", "system": "generic"},
  {"id": "la-salle-university", "name": "La Salle University", "state": "PA", "system": "generic"},
  {"id": "west-chester-university", "name": "West Chester University", "state": "PA", "system": "generic"},
  {"id": "shippensburg-university", "name": "Shippensburg University", "state": "PA", "system": "generic"},
  {"id": "indiana-university-of-pa", "name": "Indiana University of Pennsylvania", "state": "PA", "system": "generic"},
  {"id": "slippery-rock-university", "name": "Slippery Rock University", "state": "PA", "system": "generic"},
  {"id": "university-of-scranton", "name": "University of Scranton", "state": "PA", "system": "generic"},
  {"id": "robert-morris-university", "name": "Robert Morris University", "state": "PA", "system": "generic"},
  {"id": "thomas-jefferson-university", "name": "Thomas Jefferson University", "state": "PA", "system": "generic"},

  {"id": "sam-houston-state", "name": "Sam Houston State University", "state": "TX", "system": "generic"},
  {"id": "stephen-f-austin", "name": "Stephen F. Austin State University", "state": "TX", "system": "generic"},
  {"id": "lamar-university", "name": "Lamar University", "state": "TX", "system": "generic"},
  {"id": "abilene-christian-university", "name": "Abilene Christian University", "state": "TX", "system": "generic"},
  {"id": "trinity-university-tx", "name": "Trinity University", "state": "TX", "system": "generic"},
  {"id": "tarleton-state-university", "name": "Tarleton State University", "state": "TX", "system": "generic"},
  {"id": "houston-christian-university", "name": "Houston Christian University", "state": "TX", "system": "generic"},
  {"id": "st-edwards-university", "name": "St. Edward's University", "state": "TX", "system": "generic"},
  {"id": "southwestern-university", "name": "Southwestern University", "state": "TX", "system": "generic"},
  {"id": "austin-college", "name": "Austin College", "state": "TX", "system": "generic"},

  {"id": "cu-colorado-springs", "name": "University of Colorado Colorado Springs", "state": "CO", "system": "generic"},
  {"id": "university-of-northern-colorado", "name": "University of Northern Colorado", "state": "CO", "system": "generic"},
  {"id": "regis-university", "name": "Regis University", "state": "CO", "system": "generic"},
  {"id": "fort-lewis-college", "name": "Fort Lewis College", "state": "CO", "system": "generic"},
  {"id": "colorado-mesa-university", "name": "Colorado Mesa University", "state": "CO", "system": "generic"},
  {"id": "us-air-force-academy", "name": "United States Air Force Academy", "state": "CO", "system": "generic"},

  {"id": "weber-state-university", "name": "Weber State University", "state": "UT", "system": "generic"},
  {"id": "southern-utah-university", "name": "Southern Utah University", "state": "UT", "system": "generic"},
  {"id": "utah-valley-university", "name": "Utah Valley University", "state": "UT", "system": "generic"},
  {"id": "utah-tech-university", "name": "Utah Tech University", "state": "UT", "system": "generic"},

  {"id": "byu-idaho", "name": "Brigham Young University-Idaho", "state": "ID", "system": "generic"},
  {"id": "college-of-idaho", "name": "College of Idaho", "state": "ID", "system": "generic"},

  {"id": "portland-state-university", "name": "Portland State University", "state": "OR", "system": "generic"},
  {"id": "western-oregon-university", "name": "Western Oregon University", "state": "OR", "system": "generic"},
  {"id": "southern-oregon-university", "name": "Southern Oregon University", "state": "OR", "system": "generic"},
  {"id": "linfield-university", "name": "Linfield University", "state": "OR", "system": "generic"},
  {"id": "pacific-university", "name": "Pacific University", "state": "OR", "system": "generic"},

  {"id": "western-washington-university", "name": "Western Washington University", "state": "WA", "system": "generic"},
  {"id": "central-washington-university", "name": "Central Washington University", "state": "WA", "system": "generic"},
  {"id": "eastern-washington-university", "name": "Eastern Washington University", "state": "WA", "system": "generic"},
  {"id": "walla-walla-university", "name": "Walla Walla University", "state": "WA", "system": "generic"},

  {"id": "arkansas-state-university", "name": "Arkansas State University", "state": "AR", "system": "generic"},
  {"id": "ualr", "name": "University of Arkansas at Little Rock", "state": "AR", "system": "generic"},
  {"id": "hendrix-college", "name": "Hendrix College", "state": "AR", "system": "generic"},
  {"id": "harding-university", "name": "Harding University", "state": "AR", "system": "generic"},
  {"id": "ouachita-baptist-university", "name": "Ouachita Baptist University", "state": "AR", "system": "generic"},
  {"id": "john-brown-university", "name": "John Brown University", "state": "AR", "system": "generic"},

  {"id": "loyola-university-new-orleans", "name": "Loyola University New Orleans", "state": "LA", "system": "generic"},
  {"id": "university-of-new-orleans", "name": "University of New Orleans", "state": "LA", "system": "generic"},
  {"id": "university-of-louisiana-monroe", "name": "University of Louisiana at Monroe", "state": "LA", "system": "generic"},
  {"id": "mcneese-state-university", "name": "McNeese State University", "state": "LA", "system": "generic"},
  {"id": "northwestern-state-university-la", "name": "Northwestern State University", "state": "LA", "system": "generic"},
  {"id": "southeastern-louisiana-university", "name": "Southeastern Louisiana University", "state": "LA", "system": "generic"},
  {"id": "nicholls-state-university", "name": "Nicholls State University", "state": "LA", "system": "generic"},
  {"id": "centenary-college-of-louisiana", "name": "Centenary College of Louisiana", "state": "LA", "system": "generic"},

  {"id": "university-of-southern-mississippi", "name": "University of Southern Mississippi", "state": "MS", "system": "generic"},
  {"id": "millsaps-college", "name": "Millsaps College", "state": "MS", "system": "generic"},

  {"id": "troy-university", "name": "Troy University", "state": "AL", "system": "generic"},
  {"id": "samford-university", "name": "Samford University", "state": "AL", "system": "generic"},
  {"id": "university-of-south-alabama", "name": "University of South Alabama", "state": "AL", "system": "generic"},
  {"id": "university-of-north-alabama", "name": "University of North Alabama", "state": "AL", "system": "generic"},
  {"id": "jacksonville-state-university", "name": "Jacksonville State University", "state": "AL", "system": "generic"},
  {"id": "spring-hill-college", "name": "Spring Hill College", "state": "AL", "system": "generic"},

  {"id": "stetson-university", "name": "Stetson University", "state": "FL", "system": "generic"},
  {"id": "rollins-college", "name": "Rollins College", "state": "FL", "system": "generic"},
  {"id": "embry-riddle", "name": "Embry-Riddle Aeronautical University", "state": "FL", "system": "generic"},
  {"id": "unf", "name": "University of North Florida", "state": "FL", "system": "generic"},
  {"id": "uwf", "name": "University of West Florida", "state": "FL", "system": "generic"},
  {"id": "fgcu", "name": "Florida Gulf Coast University", "state": "FL", "system": "generic"},
  {"id": "nova-southeastern", "name": "Nova Southeastern University", "state": "FL", "system": "generic"},
  {"id": "florida-tech", "name": "Florida Institute of Technology", "state": "FL", "system": "generic"},

  {"id": "the-citadel", "name": "The Citadel", "state": "SC", "system": "generic"},
  {"id": "winthrop-university", "name": "Winthrop University", "state": "SC", "system": "generic"},
  {"id": "presbyterian-college", "name": "Presbyterian College", "state": "SC", "system": "generic"},
  {"id": "claflin-university", "name": "Claflin University", "state": "SC", "system": "generic"},

  {"id": "valdosta-state-university", "name": "Valdosta State University", "state": "GA", "system": "generic"},
  {"id": "university-of-north-georgia", "name": "University of North Georgia", "state": "GA", "system": "generic"},
  {"id": "berry-college", "name": "Berry College", "state": "GA", "system": "generic"},
  {"id": "oglethorpe-university", "name": "Oglethorpe University", "state": "GA", "system": "generic"},
  {"id": "savannah-college-of-art", "name": "Savannah College of Art and Design", "state": "GA", "system": "generic"},

  {"id": "lipscomb-university", "name": "Lipscomb University", "state": "TN", "system": "generic"},
  {"id": "ut-chattanooga", "name": "University of Tennessee at Chattanooga", "state": "TN", "system": "generic"},
  {"id": "lee-university", "name": "Lee University", "state": "TN", "system": "generic"},
  {"id": "carson-newman-university", "name": "Carson-Newman University", "state": "TN", "system": "generic"},
  {"id": "union-university-tn", "name": "Union University", "state": "TN", "system": "generic"},

  {"id": "northern-kentucky-university", "name": "Northern Kentucky University", "state": "KY", "system": "generic"},
  {"id": "berea-college", "name": "Berea College", "state": "KY", "system": "generic"},
  {"id": "transylvania-university", "name": "Transylvania University", "state": "KY", "system": "generic"},

  {"id": "shepherd-university", "name": "Shepherd University", "state": "WV", "system": "generic"},
  {"id": "concord-university", "name": "Concord University", "state": "WV", "system": "generic"},
  {"id": "bluefield-state-university", "name": "Bluefield State University", "state": "WV", "system": "generic"},

  {"id": "catholic-university-of-america", "name": "Catholic University of America", "state": "DC", "system": "generic"},
  {"id": "gallaudet-university", "name": "Gallaudet University", "state": "DC", "system": "generic"},

  {"id": "us-naval-academy", "name": "United States Naval Academy", "state": "MD", "system": "generic"},
  {"id": "us-coast-guard-academy", "name": "United States Coast Guard Academy", "state": "CT", "system": "generic"},

  {"id": "northern-arizona-university", "name": "Northern Arizona University", "state": "AZ", "system": "generic"},
  {"id": "grand-canyon-university", "name": "Grand Canyon University", "state": "AZ", "system": "generic"},

  {"id": "new-mexico-tech", "name": "New Mexico Institute of Mining and Technology", "state": "NM", "system": "generic"},

  {"id": "hawaii-pacific-university", "name": "Hawaii Pacific University", "state": "HI", "system": "generic"},
  {"id": "chaminade-university", "name": "Chaminade University of Honolulu", "state": "HI", "system": "generic"},

  {"id": "carroll-college", "name": "Carroll College", "state": "MT", "system": "generic"},
  {"id": "rocky-mountain-college", "name": "Rocky Mountain College", "state": "MT", "system": "generic"},

  {"id": "university-of-mary", "name": "University of Mary", "state": "ND", "system": "generic"},

  {"id": "augustana-university", "name": "Augustana University", "state": "SD", "system": "generic"},

  {"id": "drake-university", "name": "Drake University", "state": "IA", "system": "generic"},
  {"id": "university-of-northern-iowa", "name": "University of Northern Iowa", "state": "IA", "system": "generic"},
  {"id": "coe-college", "name": "Coe College", "state": "IA", "system": "generic"},
  {"id": "luther-college", "name": "Luther College", "state": "IA", "system": "generic"},
  {"id": "cornell-college-ia", "name": "Cornell College", "state": "IA", "system": "generic"},

  {"id": "university-of-st-thomas", "name": "University of St. Thomas", "state": "MN", "system": "generic"},
  {"id": "gustavus-adolphus-college", "name": "Gustavus Adolphus College", "state": "MN", "system": "generic"},
  {"id": "concordia-college", "name": "Concordia College", "state": "MN", "system": "generic"},
  {"id": "hamline-university", "name": "Hamline University", "state": "MN", "system": "generic"},
  {"id": "augsburg-university", "name": "Augsburg University", "state": "MN", "system": "generic"},

  {"id": "truman-state-university", "name": "Truman State University", "state": "MO", "system": "generic"},
  {"id": "webster-university", "name": "Webster University", "state": "MO", "system": "generic"},
  {"id": "drury-university", "name": "Drury University", "state": "MO", "system": "generic"},

  {"id": "emporia-state-university", "name": "Emporia State University", "state": "KS", "system": "generic"},
  {"id": "fort-hays-state-university", "name": "Fort Hays State University", "state": "KS", "system": "generic"},
  {"id": "washburn-university", "name": "Washburn University", "state": "KS", "system": "generic"},

  {"id": "oklahoma-city-university", "name": "Oklahoma City University", "state": "OK", "system": "generic"},
  {"id": "oklahoma-baptist-university", "name": "Oklahoma Baptist University", "state": "OK", "system": "generic"},

  {"id": "calvin-university", "name": "Calvin University", "state": "MI", "system": "generic"},
  {"id": "albion-college", "name": "Albion College", "state": "MI", "system": "generic"},
  {"id": "ferris-state-university", "name": "Ferris State University", "state": "MI", "system": "generic"},
  {"id": "northern-michigan-university", "name": "Northern Michigan University", "state": "MI", "system": "generic"},
  {"id": "saginaw-valley-state", "name": "Saginaw Valley State University", "state": "MI", "system": "generic"},

  {"id": "uw-la-crosse", "name": "University of Wisconsin-La Crosse", "state": "WI", "system": "generic"},
  {"id": "uw-eau-claire", "name": "University of Wisconsin-Eau Claire", "state": "WI", "system": "generic"},
  {"id": "uw-oshkosh", "name": "University of Wisconsin-Oshkosh", "state": "WI", "system": "generic"},
  {"id": "uw-stevens-point", "name": "University of Wisconsin-Stevens Point", "state": "WI", "system": "generic"},
  {"id": "uw-green-bay", "name": "University of Wisconsin-Green Bay", "state": "WI", "system": "generic"},
  {"id": "uw-whitewater", "name": "University of Wisconsin-Whitewater", "state": "WI", "system": "generic"},
  {"id": "uw-stout", "name": "University of Wisconsin-Stout", "state": "WI", "system": "generic"},
  {"id": "uw-platteville", "name": "University of Wisconsin-Platteville", "state": "WI", "system": "generic"},
  {"id": "carthage-college", "name": "Carthage College", "state": "WI", "system": "generic"},
  {"id": "ripon-college", "name": "Ripon College", "state": "WI", "system": "generic"},

  {"id": "wheaton-college-il", "name": "Wheaton College", "state": "IL", "system": "generic"},
  {"id": "augustana-college-il", "name": "Augustana College", "state": "IL", "system": "generic"},
  {"id": "illinois-wesleyan-university", "name": "Illinois Wesleyan University", "state": "IL", "system": "generic"},
  {"id": "school-of-art-institute-chicago", "name": "School of the Art Institute of Chicago", "state": "IL", "system": "generic"},

  {"id": "earlham-college", "name": "Earlham College", "state": "IN", "system": "generic"},
  {"id": "hanover-college", "name": "Hanover College", "state": "IN", "system": "generic"},

  {"id": "college-of-wooster", "name": "College of Wooster", "state": "OH", "system": "generic"},
  {"id": "ohio-wesleyan-university", "name": "Ohio Wesleyan University", "state": "OH", "system": "generic"},
  {"id": "wittenberg-university", "name": "Wittenberg University", "state": "OH", "system": "generic"},
  {"id": "baldwin-wallace-university", "name": "Baldwin Wallace University", "state": "OH", "system": "generic"},
  {"id": "john-carroll-university", "name": "John Carroll University", "state": "OH", "system": "generic"},
  {"id": "otterbein-university", "name": "Otterbein University", "state": "OH", "system": "generic"},
  {"id": "marietta-college", "name": "Marietta College", "state": "OH", "system": "generic"},

  {"id": "university-of-redlands", "name": "University of Redlands", "state": "CA", "system": "generic"},
  {"id": "university-of-la-verne", "name": "University of La Verne", "state": "CA", "system": "generic"},
  {"id": "azusa-pacific-university", "name": "Azusa Pacific University", "state": "CA", "system": "generic"},
  {"id": "biola-university", "name": "Biola University", "state": "CA", "system": "generic"},
  {"id": "point-loma-nazarene", "name": "Point Loma Nazarene University", "state": "CA", "system": "generic"},
  {"id": "whittier-college", "name": "Whittier College", "state": "CA", "system": "generic"},
  {"id": "saint-marys-college-ca", "name": "Saint Mary's College of California", "state": "CA", "system": "generic"},
  {"id": "california-college-of-the-arts", "name": "California College of the Arts", "state": "CA", "system": "generic"},
  {"id": "art-center-college-of-design", "name": "ArtCenter College of Design", "state": "CA", "system": "generic"},
  {"id": "california-institute-of-the-arts", "name": "California Institute of the Arts", "state": "CA", "system": "generic"},

  {"id": "drew-university", "name": "Drew University", "state": "NJ", "system": "generic"},

  {"id": "maryland-institute-college-of-art", "name": "Maryland Institute College of Art", "state": "MD", "system": "generic"},

  {"id": "ringling-college", "name": "Ringling College of Art and Design", "state": "FL", "system": "generic"},

  {"id": "doane-university", "name": "Doane University", "state": "NE", "system": "generic"},
  {"id": "nebraska-wesleyan", "name": "Nebraska Wesleyan University", "state": "NE", "system": "generic"},

  {"id": "parsons-school-of-design", "name": "Parsons School of Design", "state": "NY", "system": "generic"},
  {"id": "eastman-school-of-music", "name": "Eastman School of Music", "state": "NY", "system": "generic"},

  {"id": "peabody-institute", "name": "Peabody Institute", "state": "MD", "system": "generic"},

  {"id": "new-england-conservatory", "name": "New England Conservatory", "state": "MA", "system": "generic"}
]
